interval,signalconsensus,fcc,resetmiddle, allowmidsells, xxxxxx, rsil, rsib, rsis, bbl, devup, devdn, macdfast, macdslow, macdsign
15,True,False,False,True,0,2,20.0,71.0,21,2.0,2.0,20,40,8
6,False,False,False,False,4,30,46.4,52.0,12,0.6,1.0,55,81,3
5,False,True,True,True,0,14,20.0,80.0,20,2.0,2.0,100,26,9
1,False,False,False,False,5,3,51.0,71.0,8,2.1,1.8,20,120,2
15,True,False,False,False,2,5,21.0,90.0,50,2.0,2.0,50,120,2
5,False,False,False,False,1,4,48.0,54.0,20,1.15,2.46,12,46,2
5,False,False,False,False,4,17,33.0,70.0,35,0.4,0.4,6,81,2
5,False,False,True,False,0,12,30.0,61.0,12,2.0,1.6,50,100,2
15,False,False,False,False,7,3,29.0,60.0,7,1.0,1.0,30,40,2
5,False,False,True,False,8,19,44.0,59.0,22,0.7,0.6,22,44,8
4,False,False,False,False,7,30,31.0,81.0,16,1.0,1.0,22,26,2
5,False,False,True,False,7,21,44.0,69.0,52,1.9,0.9,6,12,2
5,False,True,True,True,0,14,20.0,80.0,20,2.0,2.0,12,26,9
5,True,False,True,False,6,2,24.0,55.0,15,2.0,2.0,3,8,2
1,True,False,False,False,0,10,31.0,64.0,50,2.0,1.0,4,8,2
5,True,False,False,False,7,2,12.0,91.0,5,1.0,1.0,7,23,18
1,False,False,False,False,6,2,2.0,95.0,5,2.0,2.0,22,26,2
5,False,False,False,False,1,5,41.0,78.0,12,1.9,2.5,12,26,9
5,True,False,False,False,6,9,7.0,62.0,123,1.86,1.94,41,130,41
2,False,False,False,False,5,2,41.0,61.0,3,1.0,0.5,25,50,7
5,False,False,False,False,0,4,41.0,71.0,7,2.0,2.0,20,80,2
5,False,False,False,False,7,17,30.0,79.0,12,1.0,1.0,12,24,8
5,False,False,False,False,8,18,45.0,70.0,14,2.0,2.0,7,23,12
5,False,False,True,False,1,8,54.0,66.0,31,1.3,1.3,12,26,2
5,False,True,True,True,4,6,29.0,83.0,21,1.5,0.909,12,24,9
15,False,False,False,False,6,10,55.0,71.0,7,1.0,1.0,9,41,12
5,False,False,False,False,7,5,21.0,91.0,12,1.0,1.0,21,40,5
5,True,False,False,False,7,41,11.0,71.0,51,0.7,3.0,6,91,24
5,False,False,False,False,8,23,42.0,67.0,12,1.0,1.0,40,120,2
5,False,False,True,False,0,4,26.0,79.0,10,2.4,1.57,12,30,10
3,True,False,False,False,8,10,31.0,64.0,12,2.0,2.0,4,8,2
12,False,False,True,False,2,11,45.0,72.0,35,1.0,1.0,20,40,8
5,False,False,False,False,0,6,32.0,77.0,99,2.4,1.57,12,26,9
5,False,False,False,False,6,10,31.0,71.0,48,1.2,3.2,6,81,2
1,True,False,False,False,4,41,34.0,55.0,31,0.5,0.7,20,120,6
5,False,False,False,False,1,2,24.0,55.0,15,2.0,1.0,3,8,2
5,True,False,False,False,6,31,29.0,65.0,77,1.86,2.17,50,80,2
15,False,False,False,False,1,9,21.0,81.0,21,2.6,2.2,3,8,12
5,True,False,False,False,8,4,23.0,71.0,12,1.0,1.7,4,83,9
5,False,False,False,False,3,14,61.0,71.0,7,1.1,0.92,22,26,2
5,False,False,False,False,6,20,34.0,50.0,11,1.5,1.3,12,24,20
5,False,True,True,True,0,14,20.0,80.0,20,2.0,1.0,12,26,9
4,True,False,False,False,0,6,21.0,85.0,21,2.3,2.3,14,130,2
5,False,False,False,False,0,3,15.0,71.0,8,1.9,1.6,20,120,2
5,False,False,False,False,1,43,36.0,60.0,12,1.2,2.87,31,40,49
5,False,False,False,False,8,42,49.0,51.0,21,2.0,2.0,31,91,12
5,True,False,False,False,2,18,28.0,83.0,72,1.87,2.15,6,400,41
1,False,False,True,False,4,25,33.0,65.0,35,0.2,0.83,12,24,5
15,True,False,False,False,7,5,4.0,88.0,12,3.5,2.0,20,80,2
2,True,False,False,False,0,5,41.0,71.0,12,2.0,1.0,20,80,2
1,False,False,False,False,5,2,32.0,77.0,12,0.5,0.4,12,26,9
5,False,False,False,False,6,8,23.0,73.0,10,1.0,1.1,18,119,3
5,False,False,True,False,8,6,26.0,77.0,20,2.8,2.5,12,30,10
5,False,False,False,False,0,9,33.0,70.0,41,1.0,1.0,12,24,9
10,False,False,True,False,7,25,48.0,61.0,11,1.9,1.9,33,77,2
10,False,False,False,False,5,3,21.0,81.0,4,2.0,0.741,10,40,28
30,False,False,False,False,3,12,43.0,71.0,53,1.1,0.92,22,26,2
6,False,False,False,False,5,5,31.0,71.0,2,1.0,1.0,20,40,12
15,True,True,False,False,0,8,11.0,81.0,50,1.0,1.0,30,40,2
15,False,False,False,False,7,31,28.0,59.0,61,2.1,0.5,5,12,2
5,False,False,False,False,7,6,33.0,80.0,9,1.0,1.0,30,60,12
5,False,False,False,False,0,3,40.0,51.0,15,1.4,1.0,7,23,18
10,False,False,False,False,0,6,32.0,77.0,37,2.4,1.57,20,40,12
5,False,False,False,False,7,3,18.0,71.0,14,1.3,1.6,20,30,22
6,False,False,False,False,5,9,40.0,74.0,12,2.9,2.0,20,120,4
5,False,False,False,False,0,9,41.0,70.0,37,2.5,2.0,12,24,9
4,False,False,False,False,0,41,39.0,66.0,15,2.0,1.0,7,111,2
5,False,False,True,False,0,12,30.0,61.0,12,2.4,1.0,50,100,2
5,False,False,True,False,7,9,48.0,61.0,11,1.9,1.9,33,77,2
5,False,False,False,False,8,2,29.0,93.0,3,1.1,0.1,10,120,2
5,True,False,False,False,6,6,2.0,81.0,99,0.5,0.5,44,80,3
5,False,False,False,False,0,6,30.0,62.0,24,0.5,0.5,12,24,7
5,False,True,True,False,0,6,34.0,76.0,21,2.5,1.172,2,40,2
5,False,False,False,False,1,7,11.0,71.0,12,0.5,0.5,12,24,2
5,False,False,False,False,8,5,27.0,55.0,21,2.0,2.0,31,91,11
15,False,False,False,False,3,14,64.0,70.0,51,1.5,0.8,22,26,2
5,False,False,True,False,0,6,32.0,77.0,10,2.4,1.57,12,26,9
5,True,False,False,False,0,9,31.0,81.0,31,1.12,1.2,6,81,2
15,False,False,False,False,5,12,23.0,72.0,61,2.1,1.8,20,120,2
5,True,False,False,False,6,20,55.0,71.0,15,1.0,1.0,9,41,31
5,False,False,False,False,2,41,38.0,70.0,29,2.18,2.79,17,41,44
20,False,False,False,False,7,12,24.0,80.0,8,1.0,1.0,40,100,5
5,False,False,True,True,0,6,31.98,77.0,21,2.4,1.2,12,26,10
20,False,False,False,False,5,3,21.0,76.0,16,1.0,1.9,5,10,2
6,False,False,False,False,0,21,45.0,61.0,51,1.0,2.0,10,30,2
5,False,False,False,False,7,11,37.0,80.0,7,0.5,1.5,10,120,12
5,False,True,False,False,3,9,43.0,71.0,51,1.1,0.92,22,26,2
1,False,False,False,False,5,3,51.0,91.0,8,2.1,1.6,20,120,2
10,False,False,False,False,8,4,30.0,70.0,20,1.3,0.4,33,66,3
5,False,True,True,True,0,7,20.0,80.0,20,2.0,2.0,12,26,9
5,False,False,False,False,6,26,31.0,54.0,33,1.0,1.3,6,81,2
10,True,True,False,False,0,15,41.0,76.0,16,2.0,2.0,20,120,2
12,False,False,False,False,0,2,41.0,91.0,31,2.0,1.0,20,80,2
20,True,False,False,False,1,2,19.0,79.0,8,2.1,0.5,9,22,6
6,False,False,False,False,2,8,35.0,73.0,19,1.1,1.5,20,40,11
5,False,False,True,False,2,42,38.0,50.0,20,1.59,0.77,54,56,10
10,False,False,False,False,2,3,12.0,75.0,12,2.0,2.0,10,40,2
6,False,False,False,False,5,3,22.0,91.0,25,1.1,1.0,18,120,12
1,False,False,False,False,7,6,25.0,81.0,7,1.2,1.3,40,159,2
5,False,False,False,False,1,6,36.0,64.0,32,0.3,0.4,12,24,6
5,False,False,True,False,1,6,39.0,71.0,50,2.3,1.0,14,38,8
1,False,False,False,False,5,3,12.0,91.0,8,2.1,1.8,20,120,2
5,False,True,True,True,4,6,33.0,80.0,21,0.5,0.5,20,50,2
5,False,False,False,False,7,6,22.0,80.0,9,1.0,0.4,21,48,2
30,True,False,True,False,4,5,33.0,72.0,50,1.86,1.94,41,130,41
5,False,False,False,False,2,6,27.0,76.0,55,1.3,1.3,5,30,10
20,False,False,False,False,7,10,31.0,61.0,10,0.9,1.3,44,120,4
5,False,False,False,False,5,120,43.0,52.8,21,1.8,2.1,50,60,8
5,False,False,False,False,6,13,11.0,71.0,12,3.0,3.0,21,120,2
10,False,False,False,False,0,3,31.0,71.0,21,1.0,1.0,10,60,2
6,False,False,False,False,7,4,21.0,79.0,21,2.1,2.5,20,40,8
15,False,False,False,False,3,2,61.0,80.0,31,0.9,1.5,60,100,2
20,False,False,False,False,5,10,26.0,71.0,9,0.71,0.89,9,21,2
1,False,False,True,False,0,18,100.0,51.0,15,2.0,2.0,7,23,18
5,False,False,False,False,1,5,2.0,81.0,12,1.0,1.0,12,71,12
15,False,False,False,False,8,15,29.0,60.0,4,1.1,1.0,30,40,2
5,False,True,True,False,4,4,36.0,65.0,32,0.3,0.8,12,24,4
5,False,False,False,False,6,36,45.0,58.0,24,3.2,1.99,33,28,23
60,False,False,False,False,0,5,31.0,63.0,25,2.4,1.6,19,91,2
5,False,False,False,False,0,18,40.0,51.0,23,2.0,2.0,7,23,18
5,False,False,True,False,4,6,34.0,65.0,11,0.5,0.8,12,24,5
5,False,False,True,False,7,20,44.0,64.0,51,1.9,0.9,6,12,2
1,True,False,False,False,0,10,31.0,64.0,12,2.0,0.5,4,8,2
5,False,False,False,False,6,11,40.0,51.0,43,1.0,1.0,4,19,2
3,False,False,False,False,6,25,32.0,77.0,21,1.0,1.0,12,26,2
5,False,False,False,False,5,2,21.0,85.0,41,1.2,1.2,20,120,8
10,False,False,False,False,5,6,50.0,61.0,56,1.3,0.3,50,100,8
5,True,False,False,False,6,11,31.0,71.0,21,1.8,2.0,20,40,9
5,False,False,False,False,7,17,35.0,61.0,6,2.0,2.0,12,24,8
10,False,False,True,False,7,25,48.0,61.0,12,1.9,1.9,33,77,2
6,False,False,False,False,5,2,12.0,91.0,39,2.1,1.8,20,120,12
5,False,False,False,False,3,17,43.0,71.0,53,1.1,0.92,22,26,2
1,False,False,False,False,2,11,45.0,75.0,33,1.8,1.5,50,100,2
6,False,False,False,False,5,2,6.0,91.0,12,2.1,1.8,20,120,2
5,False,True,True,False,0,3,5.0,78.0,12,2.4,1.0,50,100,2
5,False,False,True,False,2,5,25.0,77.0,2021,2.7,2.1,5,10,2
1,False,False,False,True,7,4,21.0,81.0,42,1.0,2.0,20,120,2
5,False,False,True,False,3,2,27.0,90.0,51,1.4,2.3,12,26,9
6,False,False,True,False,5,2,6.0,91.0,12,2.1,1.8,20,120,2
4,True,False,False,False,0,21,32.0,68.0,31,2.3,2.0,22,120,3
5,False,False,True,False,8,3,11.0,65.0,18,2.5,1.0,55,180,16
30,False,False,True,False,8,4,41.0,70.0,18,2.5,1.0,24,52,12
5,False,True,True,True,0,24,20.0,71.0,20,1.0,1.0,1,2,20
2,False,False,False,False,6,3,21.0,81.0,14,1.12,1.2,6,81,2
5,True,False,False,False,3,3,4.0,85.0,40,0.31,1.53,40,80,2
2,False,False,False,False,2,11,28.0,51.0,15,1.5,1.0,2,40,2
5,False,False,False,False,3,45,31.0,50.0,23,2.78,1.05,35,40,33
2880,False,False,False,False,8,2,21.0,71.0,7,1.9,1.9,22,120,2
10,False,False,False,False,8,3,21.0,62.0,9,1.0,1.0,24,48,12
5,False,False,True,False,7,6,22.0,75.0,15,3.0,1.5,10,26,8
5,False,False,False,False,1,41,49.0,62.0,57,1.0,1.0,58,122,4
5,False,False,False,False,4,5,22.0,72.0,21,0.5,0.5,2,60,2
10,True,False,False,False,7,5,51.0,75.0,12,0.9,1.1,20,120,2
5,True,False,False,False,2,7,40.0,66.0,8,2.0,2.0,4,19,3
12,True,False,False,False,0,94,12.0,71.0,12,2.0,2.0,20,80,2
5,True,False,False,False,6,8,16.0,76.0,77,1.86,1.94,30,25,21
5,False,False,False,False,0,21,45.0,61.0,21,1.7,1.0,20,120,2
6,False,False,False,False,0,2,41.0,91.0,31,2.0,1.0,20,80,2
5,False,False,True,False,8,5,41.0,80.0,39,2.719,2.0,24,52,12
5,False,False,False,False,7,9,37.0,70.0,5,3.1,2.8,12,24,2
5,True,False,False,False,0,93,44.0,60.0,31,1.0,1.0,10,20,2
1,False,False,True,False,8,5,40.0,81.0,19,2.5,0.9,24,52,11
5,True,False,False,False,6,8,3.0,85.0,96,1.86,1.94,41,130,41
5,False,False,False,False,0,5,19.0,67.0,21,2.0,2.0,21,24,12
5,True,False,False,False,8,23,37.0,94.0,12,2.0,2.2,21,81,10
5,False,False,False,False,1,5,16.0,78.0,12,1.9,0.5,12,26,9
2,False,False,False,False,0,4,41.0,71.0,12,2.0,1.0,20,80,2
1,False,False,False,False,0,2,41.0,77.0,13,1.0,2.0,3,120,12
1,False,False,False,False,8,6,21.0,71.0,12,1.0,1.0,10,120,2
5,True,False,False,False,8,3,31.0,51.0,12,1.4,1.8,10,120,2
5,False,False,False,False,5,2,21.0,86.0,7,1.0,1.0,20,40,2
5,False,False,False,False,0,2,2.0,90.0,42,1.9,2.1,2,20,200
5,False,False,False,True,8,5,23.0,55.0,21,2.0,2.0,31,91,11
5,False,False,True,False,7,3,12.0,81.0,21,2.0,1.5,34,68,8
3,False,True,False,False,2,6,45.0,75.0,7,2.0,1.5,20,120,2
5,False,False,False,False,0,4,21.0,81.0,11,2.1,1.9,51,120,10
5,False,False,False,False,7,16,41.0,60.0,54,1.0,1.0,3,81,2
1,True,False,False,False,3,11,50.0,81.0,8,2.7,0.5,4,18,2
10,False,False,False,False,4,5,21.0,61.0,12,1.0,1.0,10,40,2
2,False,False,False,False,5,9,34.0,61.0,40,2.0,1.6,20,30,8
15,False,False,False,False,2,11,45.0,75.0,33,1.8,1.5,2,40,2
5,False,False,True,False,2,6,27.0,76.0,51,1.3,1.3,5,30,10
4,False,False,False,False,8,2,5.0,90.0,51,2.0,2.0,20,40,12
5,False,False,False,False,0,28,37.0,72.0,12,1.61,1.1,6,86,2
5,True,False,False,False,6,21,29.0,75.0,50,1.1,1.3,9,23,31
5,False,False,False,False,7,7,9.0,94.0,9,0.2,2.0,12,25,12
6,False,False,False,False,4,3,18.0,89.0,21,1.0,1.0,10,50,2
5,False,False,False,False,1,2,19.0,55.0,15,2.0,1.0,3,8,2
5,True,True,False,False,6,3,2.0,81.0,99,0.5,0.5,44,80,3
5,False,False,True,False,0,6,32.0,77.0,50,1.1,1.3,12,26,9
5,True,False,False,False,1,12,55.0,71.0,8,2.0,1.0,5,41,31
6,False,False,False,False,5,6,25.0,82.0,15,2.0,2.0,21,40,2
15,True,False,False,False,8,21,47.0,65.0,7,1.9,0.6,20,120,2
5,True,False,False,False,6,3,2.0,81.0,99,0.5,0.5,44,80,3
5,False,False,False,False,6,31,43.0,71.0,61,2.2,1.0,5,10,2
12,False,False,False,False,3,31,44.0,61.0,12,1.0,1.0,12,12,212
5,False,False,True,False,8,5,41.0,79.0,65,2.719,2.0,24,52,12
5,False,False,False,False,6,20,25.0,63.0,19,0.4,0.6,6,81,12
5,False,False,False,False,3,2,43.0,71.0,21,1.1,1.5,3,5,13
5,False,False,False,False,6,11,33.0,71.0,20,2.2,2.0,50,100,4
5,False,False,False,False,8,7,37.0,67.0,31,0.7,0.7,44,81,8
5,False,False,False,False,0,3,30.0,60.0,17,1.5,1.5,11,22,5
5,False,True,True,False,7,6,32.0,82.0,4,3.0,3.0,12,26,9
10,False,False,False,False,1,7,71.0,34.0,10,2.0,2.0,120,12,2
2,True,False,False,False,0,4,41.0,71.0,12,2.0,1.0,20,80,2
5,True,False,False,False,6,8,3.0,85.0,18,1.86,1.94,41,130,41
10,False,False,False,False,7,2,32.0,89.0,21,1.1,1.3,41,130,2
10,True,False,True,False,7,12,12.0,85.0,3,2.1,2.4,20,50,2
4,False,False,False,False,7,21,41.0,67.0,8,1.0,1.0,5,44,12
1,False,False,False,False,8,2,31.0,91.0,12,1.0,1.0,30,81,2
15,True,False,False,False,7,2,32.0,77.0,21,1.3,2.1,12,26,2
15,False,False,False,False,2,3,50.0,91.0,31,2.0,2.0,20,80,2
1,True,False,False,False,8,48,48.0,74.0,31,1.9,1.0,15,120,30
5,False,False,False,False,0,10,31.0,64.0,51,2.0,0.5,4,8,2
10,False,False,False,False,2,8,49.0,71.0,22,1.5,1.0,20,40,8
5,False,False,True,False,0,6,31.98,77.0,21,2.5,1.5,12,26,10
4,False,False,False,False,0,10,31.0,64.0,41,2.0,2.0,4,8,2
2,False,False,False,False,0,4,41.0,71.0,101,2.0,2.0,20,80,2
6,True,False,False,False,2,10,16.0,91.0,15,1.0,2.0,20,120,2
5,False,False,False,False,1,11,43.0,52.0,41,2.1,2.0,12,23,2
1,False,False,False,False,0,4,41.0,71.0,20,1.0,1.0,12,50,2
12,False,False,False,False,6,3,29.0,76.0,12,1.0,1.0,13,30,2
5,False,False,False,False,5,6,18.0,57.0,9,2.0,1.6,15,23,9
5,False,False,False,False,1,9,33.0,63.0,24,3.0,3.0,20,50,8
5,False,False,True,True,7,12,34.0,73.0,51,2.1,2.4,10,50,2
5,True,False,False,False,2,18,28.0,83.0,71,1.97,2.15,6,400,41
15,False,False,True,True,8,10,21.0,77.0,50,2.2,2.2,20,100,24
10,False,False,False,False,5,2,41.0,55.0,10,2.0,2.0,20,40,122
10,False,False,False,False,0,40,48.0,51.0,21,1.0,1.0,12,24,8
5,False,False,False,False,8,41,26.0,73.0,71,1.215,1.13,20,25,2
4,True,False,False,False,8,2,5.0,90.0,10,2.0,2.0,20,40,12
5,False,False,False,False,8,18,45.0,67.0,17,3.0,2.0,12,24,7
5,False,False,False,False,2,46,35.0,68.0,42,1.97,0.33,35,13,52
5,False,False,False,False,0,34,52.0,56.0,36,2.82,2.8,55,19,40
10,False,False,False,False,5,3,31.0,71.0,20,1.0,1.0,10,120,12
5,True,False,False,False,8,16,51.0,56.0,23,1.2,0.1,10,120,2
5,False,False,False,False,8,8,31.0,81.0,11,2.0,1.0,12,24,2
10,False,True,False,False,8,4,41.0,81.0,18,2.0,1.0,120,12,2
5,False,False,False,False,8,6,30.0,63.0,21,2.8,2.3,50,70,5
10,True,False,False,False,2,5,5.0,92.0,12,1.5,1.0,10,20,2
5,False,False,False,False,6,18,40.0,51.0,51,2.1,2.2,2,40,2
5,True,False,False,False,8,13,15.0,75.0,42,2.0,1.0,6,19,23
1,False,False,False,False,8,21,47.0,65.0,31,1.9,1.0,20,120,2
5,False,False,False,False,5,2,33.0,55.0,21,1.66,1.74,41,130,44
1,False,False,False,False,5,5,21.0,81.0,3,1.0,0.5,25,50,3
5,False,False,False,False,6,3,31.0,61.0,12,2.0,1.0,50,100,2
5,False,False,False,False,8,5,22.0,71.0,10,0.5,0.5,20,120,12
5,True,False,False,False,6,2,4.0,82.0,1,0.7,2.14,41,130,41
60,True,False,False,False,2,5,31.0,66.0,10,0.5,2.0,5,10,2
10,False,False,False,False,2,8,49.0,71.0,21,1.5,1.0,20,40,8
5,True,False,False,False,6,4,3.0,86.0,24,1.86,1.94,41,250,21
10,False,False,False,False,7,3,28.0,62.0,10,1.0,1.0,2,100,2
15,False,False,True,False,6,10,33.0,70.0,12,1.1,1.1,20,50,8
5,False,False,False,False,6,7,22.0,74.0,10,1.3,1.3,4,80,12
3,False,False,False,False,1,18,40.0,51.0,15,2.0,2.0,7,23,18
5,False,False,False,False,7,9,37.0,70.0,5,2.0,2.0,12,24,9
15,False,False,False,False,0,12,31.0,69.0,25,2.4,1.6,12,30,8
20,False,False,False,False,7,3,26.0,81.0,5,1.0,1.0,20,120,2
5,False,False,False,False,8,16,31.0,72.0,20,1.0,1.0,50,100,5
20,False,False,False,False,1,17,45.0,58.0,31,1.0,1.0,50,120,2
5,False,False,False,False,0,18,40.0,51.0,15,2.0,2.0,7,23,18
15,False,False,False,False,7,60,53.0,66.0,8,1.0,1.0,40,8,2
60,True,False,False,False,4,5,10.0,92.0,20,1.0,1.0,30,90,12
5,False,False,False,False,3,14,41.0,71.0,53,1.1,0.9,22,24,2
3,False,False,False,False,8,21,47.0,65.0,4,1.9,0.6,20,120,2
5,False,False,False,False,7,7,28.0,82.0,31,1.0,1.0,12,41,8
5,False,False,False,False,7,16,51.0,56.0,14,0.5,0.5,20,120,2
2,False,False,False,False,2,11,45.0,75.0,4,1.8,1.5,50,100,2
5,False,False,False,False,5,3,21.0,71.0,3,1.7,1.0,20,40,2
5,False,False,False,False,2,2,11.0,61.0,23,1.0,1.0,11,42,2
5,False,False,False,False,8,17,42.0,72.0,30,2.0,2.0,12,24,2
6,False,False,False,False,5,2,35.0,85.0,12,1.0,1.0,10,50,2
1,False,False,False,False,8,10,35.0,67.0,51,2.0,1.5,17,50,12
6,False,False,False,False,0,4,35.0,71.0,26,2.5,2.2,20,100,2
5,False,False,False,False,0,9,21.0,81.0,40,2.0,2.0,24,12,220
5,False,False,False,False,8,41,35.0,54.0,55,1.9,2.2,12,51,2
5,False,False,False,False,2,18,28.0,83.0,62,0.51,1.15,6,400,41
1,False,False,True,False,2,42,38.0,50.0,20,1.59,0.77,54,56,10
1,False,False,False,False,0,10,31.0,64.0,10,2.0,0.5,4,8,2
1,False,False,False,False,0,40,48.0,51.0,21,1.0,1.0,12,24,8
5,True,False,False,False,0,9,40.0,81.0,7,1.0,1.0,4,19,2
5,True,True,False,False,6,12,31.0,95.0,18,1.0,1.94,4,12,12
5,True,False,False,False,7,2,5.0,90.0,2,0.3,1.5,20,40,12
1,False,False,True,False,7,2,31.0,72.0,5,1.0,0.5,5,20,12
5,True,True,True,False,6,13,19.0,70.0,15,1.8,2.0,50,80,2
15,False,False,False,False,0,3,38.0,71.0,9,2.0,2.8,41,24,9
5,False,False,False,False,0,18,35.0,61.0,5,1.3,1.8,7,23,18
30,False,False,False,False,4,2,31.0,65.0,36,1.0,1.0,12,23,44
15,False,False,False,False,3,14,61.0,80.0,31,0.9,1.1,60,100,6
5,False,False,False,False,0,2,35.0,81.0,21,1.0,1.0,7,23,2
60,True,False,False,False,2,2,3.0,81.0,9,1.0,1.0,9,20,2
5,False,False,False,False,8,6,26.0,80.0,21,2.09,2.81,12,24,2
15,False,False,False,False,7,63,66.0,67.0,8,1.0,1.0,40,80,2
2,False,False,False,False,1,11,45.0,75.0,33,1.0,1.5,10,40,12
5,False,False,False,False,1,9,44.0,68.0,7,2.1,1.1,12,26,9
5,False,False,False,False,0,21,41.0,61.0,21,1.7,1.0,20,120,2
5,False,False,False,False,7,37,35.0,67.0,10,2.0,1.0,13,42,10
12,True,False,False,False,8,48,18.0,79.0,83,1.296,1.605,5,13,11
5,False,False,False,False,7,12,34.0,73.0,31,2.1,2.4,10,50,2
5,True,False,False,False,0,2,21.0,85.0,21,1.0,1.0,50,130,2
1,False,False,False,False,2,11,45.0,75.0,7,1.8,1.5,50,100,2
5,False,True,False,False,0,35,44.0,57.0,15,2.12,2.256,31,61,2
4,False,False,False,False,0,41,39.0,67.0,29,2.0,1.0,7,10,2
60,False,False,False,False,1,7,23.0,71.0,20,2.0,2.0,12,21,2
5,False,False,False,False,7,6,31.0,100.0,6,1.0,1.0,4,50,2
20,True,False,False,False,0,30,42.0,61.0,21,1.0,1.1,20,40,2
12,False,False,False,False,3,14,63.0,71.0,53,1.1,0.92,22,26,2
5,False,False,False,False,3,12,43.0,71.0,53,1.1,0.9,22,26,2
5,False,False,False,False,8,21,37.0,63.0,13,1.7,1.99,5,30,2
5,False,False,False,False,4,4,36.0,65.0,10,0.3,0.8,12,24,4
5,False,False,False,False,7,10,31.0,71.0,4,2.0,2.1,20,100,12
5,True,False,False,False,6,4,3.0,8.0,24,1.86,1.94,41,250,21
20,True,False,False,False,0,12,42.0,61.0,19,1.0,1.1,20,40,12
10,False,False,True,True,7,3,28.0,62.0,21,1.0,1.0,2,100,2
5,True,False,False,False,6,21,14.0,67.0,10,1.86,1.94,41,130,41
15,False,False,False,False,3,14,63.0,71.0,53,1.1,0.92,22,26,2
3,True,False,False,False,5,11,51.0,81.0,10,1.0,1.0,5,1,2
5,False,False,True,True,8,5,41.0,80.0,18,2.0,1.0,24,52,12
10,False,False,False,False,7,8,34.0,75.0,7,0.9,0.9,20,120,3
5,False,False,False,False,0,7,20.0,92.0,10,2.0,1.0,20,120,2
15,False,False,False,False,7,17,41.0,72.0,70,1.0,1.0,30,40,2
10,True,False,False,False,6,11,40.0,51.0,15,2.0,1.0,9,19,66
5,False,False,False,False,0,5,31.0,77.0,12,2.0,2.0,12,26,9
4,False,False,True,False,0,2,21.0,91.0,32,2.2,0.9,71,157,2
1,False,False,False,False,5,3,51.0,91.0,8,2.0,1.8,20,120,2
5,False,False,False,False,7,5,26.0,89.0,12,1.1,0.5,18,45,2
5,False,False,False,False,3,46,47.0,54.0,40,1.99,2.44,31,8,53
5,False,False,False,False,7,21,41.0,65.0,4,1.0,1.0,30,90,2
12,True,False,False,False,0,5,31.0,91.0,7,1.0,1.0,20,50,12
20,True,False,False,False,1,2,19.0,79.0,626,2.1,0.5,9,22,6
3,False,False,False,False,0,30,20.0,75.0,88,3.0,3.0,6,81,6
15,False,False,False,False,6,6,21.0,86.0,10,2.0,1.9,12,24,9
15,False,False,False,False,3,21,45.0,61.0,51,1.1,0.9,22,26,2
2,False,False,False,False,0,9,31.0,79.0,10,2.0,1.0,20,80,2
15,False,False,False,False,3,14,41.0,71.0,22,1.2,0.9,22,24,2
5,False,False,False,False,8,35,50.0,58.0,7,2.1,2.0,5,12,10
5,False,False,False,False,7,18,23.1,71.0,21,1.0,1.0,12,24,2
5,True,True,False,False,6,8,3.0,85.0,13,1.86,1.94,41,120,51
6,True,False,False,False,4,3,51.0,71.0,12,2.0,1.3,20,50,2
5,False,False,True,False,0,6,31.98,77.0,10,2.4,1.57,12,26,10
5,True,False,False,False,6,41,55.0,71.0,15,1.0,1.0,9,41,31
5,False,False,True,False,7,14,34.0,67.0,45,3.0,1.6,10,50,2
5,False,False,True,False,1,8,54.0,66.0,31,1.3,1.3,12,26,23
5,False,False,False,False,7,9,21.0,81.0,40,2.0,2.0,10,30,18
3,False,False,False,False,1,15,23.0,61.0,12,1.8,1.9,50,100,51
5,False,False,False,False,6,7,21.0,75.0,13,2.1,1.0,12,26,9
5,False,True,True,True,4,6,25.0,83.0,21,1.5,0.909,12,20,2
3,False,False,False,False,5,2,5.0,91.0,9,2.1,1.7,15,120,2
5,False,False,True,False,6,15,30.0,61.0,37,3.0,2.0,40,80,14
5,False,False,False,False,3,12,43.0,71.0,53,1.1,0.92,22,26,2
5,False,False,False,False,6,5,44.0,74.0,20,1.0,0.5,12,26,9
5,False,False,False,False,2,5,22.0,81.0,44,1.3,1.1,25,80,2
5,False,False,False,True,0,3,31.0,91.0,50,1.0,1.0,20,30,2
5,False,True,True,True,3,14,41.0,81.0,50,1.0,1.0,10,27,8
5,False,False,False,True,4,5,55.0,72.0,50,2.0,2.0,20,40,2
30,False,False,False,False,4,21,49.0,57.0,15,1.0,1.0,10,16,21
2,True,False,True,True,2,14,38.0,73.0,100,1.9,2.2,8,16,6
5,True,False,False,False,4,2,6.0,85.0,12,1.0,1.0,30,100,21
5,False,False,True,False,8,8,41.0,80.0,15,2.5,1.0,24,52,12
5,False,False,False,False,6,27,31.0,63.0,12,1.0,1.0,10,20,24
5,True,False,False,False,6,11,33.0,71.0,15,1.0,1.0,9,23,31
5,True,False,False,False,6,9,7.0,67.0,99,1.86,1.94,41,130,41
5,True,False,True,False,2,18,28.0,83.0,72,0.51,1.15,20,200,15
12,False,False,False,False,6,18,40.0,51.0,7,2.0,2.0,7,23,18
5,False,False,True,False,8,6,32.0,77.0,65,3.0,2.0,12,26,9
10,True,False,False,False,4,30,26.0,71.0,8,1.0,0.5,12,40,2
4,True,False,False,False,0,10,31.0,64.0,12,2.0,0.5,4,8,2
150,True,False,False,False,2,18,31.0,76.0,21,2.1,2.0,5,100,2
10,False,False,True,False,3,21,44.0,69.0,6,0.5,1.0,6,12,2
5,False,False,True,False,0,6,32.0,77.0,18,2.0,2.0,12,26,9
5,False,False,False,False,8,17,42.0,72.0,27,2.0,2.0,6,81,12
5,True,False,False,False,6,8,6.0,67.0,10,1.86,1.94,41,130,41
10,False,False,False,False,7,10,23.0,72.0,21,0.71,0.89,12,21,2
30,False,False,False,False,7,3,21.0,81.0,12,1.0,1.0,20,80,12
5,False,False,False,False,7,9,30.0,74.0,40,2.0,2.0,10,30,18
5,False,False,False,False,6,20,25.0,63.0,25,0.4,0.6,6,81,12
30,True,False,False,False,2,11,45.0,75.0,30,1.8,1.5,2,40,2
20,False,False,False,False,0,5,4.0,80.0,13,1.86,1.6,21,100,2
2,True,False,True,True,5,2,21.0,85.0,4,1.66,1.74,41,130,44
1,True,False,True,True,5,8,21.0,85.0,21,1.0,1.0,50,130,2
2,False,False,False,False,2,11,45.0,75.0,33,1.8,1.5,2,40,2
90,False,False,False,False,3,46,46.0,69.0,71,1.0,1.0,12,61,10
5,True,False,False,False,8,3,4.0,93.0,12,2.7,1e-05,2,60,2
12,False,False,True,False,6,7,43.0,71.0,72,1.0,1.0,22,26,2
5,False,False,True,False,8,5,41.0,78.0,65,2.719,2.0,24,52,12
1,True,False,False,False,6,11,55.0,71.0,8,1.0,1.0,9,19,2
5,False,False,False,False,7,2,31.0,80.0,21,2.9,1.0,20,40,2
5,False,False,False,False,0,18,31.0,50.0,25,0.13,1.18,58,33,51
5,True,False,False,False,6,8,3.0,81.0,94,1.86,1.6,40,120,27
4,False,False,False,False,7,3,28.0,62.0,20,1.0,1.0,2,100,2
10,True,False,True,False,5,3,21.0,89.0,7,1.19,0.741,10,40,28
5,False,False,False,False,0,34,12.0,71.0,21,2.0,2.0,500,100,16
5,False,False,False,False,1,7,41.0,79.0,12,2.5,1.0,40,80,2
5,False,False,False,False,0,39,43.0,64.0,9,2.92,0.66,57,56,15
6,False,False,False,False,5,5,10.0,81.0,21,2.1,1.8,20,120,2
5,False,False,False,False,0,6,25.0,83.0,9,2.0,1.0,12,20,2
5,True,False,False,False,6,2,9.0,69.0,24,1.86,1.94,41,130,41
1,False,False,False,False,2,11,32.0,75.0,10,1.8,1.5,20,28,2
5,True,False,False,False,2,12,30.0,67.0,13,1.9,1.8,5,30,10
15,False,False,False,False,6,15,58.0,67.0,5,0.8,1.1,10,40,21
15,False,False,False,False,8,4,21.0,81.0,16,1.5,2.0,30,40,2
5,False,False,False,False,4,3,31.0,61.0,61,1.5,2.0,20,40,2
5,True,True,False,False,7,5,26.0,96.0,12,2.0,0.6,18,45,2
5,True,False,False,False,6,5,4.0,81.0,21,1.86,1.94,41,120,30
5,False,False,False,False,2,17,31.0,57.0,120,1.0,1.0,19,81,12
5,False,False,False,False,1,3,24.0,78.0,25,1.0,1.0,21,40,12
5,True,False,False,False,0,12,24.0,72.0,33,2.0,2.0,14,80,42
5,True,False,False,True,7,19,33.0,67.0,51,2.2,2.0,34,62,12
5,False,False,False,False,6,15,40.0,51.0,15,2.0,2.0,7,23,18
2,False,False,False,False,8,21,47.0,65.0,7,1.9,0.6,20,120,2
2,True,False,False,False,3,4,41.0,71.0,41,1.1,0.92,22,26,2
5,True,False,False,False,7,2,5.0,91.0,4,2.0,1.1,10,100,2
3,True,False,False,False,3,12,21.0,91.0,30,1.5,0.9,60,100,6
5,False,False,False,False,5,6,44.0,72.0,13,1.5,1.0,5,20,2
1,False,False,False,False,6,2,12.0,51.0,21,1.0,1.0,10,20,2
20,False,False,True,True,3,14,33.0,56.0,15,1.0,1.0,5,22,2
1,False,False,False,False,8,8,26.0,71.0,5,0.9,1.8,50,120,2
5,True,False,False,False,7,12,31.0,81.0,5,2.02,1.75,58,31,8
5,True,False,False,False,7,12,27.0,73.0,5,3.0,1.0,20,40,4
1,False,False,False,False,8,10,31.0,64.0,2,2.0,2.0,4,8,2
5,True,False,False,False,2,18,28.0,83.0,62,0.51,1.15,6,400,41
5,True,False,False,False,1,77,51.0,54.0,15,3.0,3.0,20,120,2
5,False,False,True,False,8,2,7.0,81.0,65,2.719,2.0,30,120,30
1,False,False,False,False,8,18,24.0,81.0,21,1.2,0.5,25,50,3
5,False,False,False,False,3,3,31.0,71.0,40,1.9,1.6,20,120,2
10,True,False,False,False,0,23,41.0,78.0,10,2.0,2.0,20,120,2
5,True,False,False,False,6,2,6.0,86.5,10,1.56,2.14,42,130,41
1,False,False,False,False,0,14,20.0,80.0,20,2.0,2.0,12,26,9
5,False,False,True,False,0,6,28.0,77.0,8,2.3,2.9,12,26,9
6,False,False,False,False,5,3,51.0,71.0,8,2.1,1.8,20,120,2
10,False,False,False,False,0,10,31.0,64.0,12,2.0,0.5,4,8,2
2,False,False,True,False,2,11,35.0,73.0,12,1.8,1.5,2,40,2
5,True,False,False,False,8,13,5.0,91.0,76,2.0,2.2,4,83,9
5,False,False,False,False,6,28,44.0,62.0,9,0.4,0.6,31,81,12
5,False,False,True,False,0,6,31.98,77.0,21,2.4,1.5,12,26,10
5,True,False,False,False,6,20,55.0,81.0,15,1.0,1.0,9,41,31
3,False,False,False,False,8,21,41.0,64.0,41,2.0,2.0,20,120,12
10,False,False,True,False,1,7,34.0,70.0,51,2.0,2.0,20,120,2
10,True,False,False,False,3,15,46.0,59.0,12,1.0,1.0,20,120,12
5,False,False,False,False,1,5,21.0,81.0,3,3.0,3.0,12,24,9
5,False,False,True,False,0,3,32.0,75.0,25,2.4,1.6,6,91,9
1,False,False,False,False,7,4,21.0,71.0,51,1.0,1.0,18,44,21
5,True,False,False,False,6,7,55.0,71.0,15,1.0,1.0,5,41,31
2,False,False,False,False,7,9,49.0,81.0,45,1.0,1.0,10,52,2
5,True,False,False,False,6,2,7.0,65.0,5,1.86,1.94,41,130,41
3,False,False,True,False,8,5,41.0,80.0,7,2.5,1.0,24,52,12
5,False,False,True,False,0,6,26.0,79.0,10,2.4,1.57,12,30,10
1,False,False,False,False,7,3,16.0,63.0,7,0.3,1.5,20,50,7
5,False,False,False,False,7,13,32.0,63.0,21,2.0,1.0,10,50,8
5,False,False,False,True,6,2,2.0,90.0,14,1.3,1.3,100,120,2
5,False,False,True,False,4,25,33.0,65.0,35,0.2,0.83,12,24,5
5,False,False,False,False,8,18,45.0,70.0,32,2.0,2.7,7,23,12
5,False,False,False,False,0,40,48.0,51.0,21,1.0,1.0,12,24,8
10,False,False,False,False,2,8,45.0,75.0,11,1.0,1.0,60,120,12
5,True,False,False,False,6,2,12.0,71.0,24,1.86,1.94,41,130,41
1,True,False,True,False,8,15,2.0,55.0,31,1.0,1.0,5,140,12
1,False,False,True,False,8,5,41.0,80.0,18,2.5,1.0,24,52,12
5,True,False,False,False,8,5,2.0,83.0,41,1.86,1.84,42,130,41
5,False,False,False,False,7,10,35.0,67.0,7,1.0,1.0,17,26,8
1,False,False,False,False,8,5,31.0,79.0,51,2.0,2.0,12,120,2
4,False,False,False,False,2,11,45.0,75.0,33,1.8,1.5,2,40,2
30,False,False,False,False,6,5,33.0,81.0,10,2.0,2.0,41,130,41
5,False,False,False,False,3,4,51.0,71.0,53,1.1,0.92,22,26,2
5,False,False,False,False,6,17,31.0,57.0,21,1.0,0.5,19,48,3
4,False,False,False,False,6,21,44.0,65.0,21,1.0,1.0,2,12,2
5,False,False,False,False,1,21,47.0,59.0,40,1.9,2.1,5,10,2
5,True,False,False,False,6,8,4.0,85.5,96,1.86,1.94,41,138,41
10,False,False,False,False,7,2,32.0,89.0,21,1.0,1.0,41,130,2
5,False,False,False,False,6,2,31.0,75.0,21,2.0,2.0,12,57,12
1,False,False,False,False,5,3,12.0,61.0,21,1.8,2.1,50,70,5
5,True,False,False,False,6,6,3.0,85.0,21,0.5,1.2,41,130,41
12,True,False,False,False,8,10,10.0,90.0,31,1.0,1.0,15,120,30
5,True,False,True,True,5,2,21.0,85.0,4,1.66,1.74,41,130,44
5,False,False,False,False,6,20,25.0,63.0,19,0.4,0.06,6,81,12
20,True,False,False,False,4,21,41.0,61.0,20,1.1,1.1,20,40,2
1,True,False,True,False,0,18,100.0,51.0,15,2.0,2.0,7,23,18
5,False,False,True,False,0,2,55.0,61.0,50,2.0,1.0,20,30,2
2,False,False,False,False,5,2,36.0,65.0,21,1.0,1.0,12,24,2
15,False,False,False,False,0,6,23.0,68.0,6,0.7,0.7,10,212,4
15,True,False,False,False,6,11,40.0,81.0,159,1.0,1.0,9,19,2
10,False,False,False,False,5,3,21.0,86.0,7,1.19,0.741,10,40,28
5,True,False,False,False,7,10,32.0,77.0,10,1.5,1.0,12,26,9
6,False,False,False,False,1,41,42.0,45.0,44,0.9,1.4,20,40,7
5,False,False,False,False,7,4,21.0,83.0,21,2.0,1.0,14,25,3
5,False,False,False,False,0,9,8.0,93.0,41,2.0,2.0,32,81,12
12,True,False,False,False,7,18,21.0,69.0,9,2.0,2.0,7,23,12
1,False,False,False,False,8,21,48.0,64.0,64,2.8,2.5,12,55,2
30,True,False,False,False,1,2,21.0,81.0,21,2.0,0.5,4,12,2
5,True,False,False,False,0,6,21.0,85.0,12,0.5,0.5,41,130,12
15,False,False,False,False,0,6,21.0,86.0,21,2.0,1.2,12,24,9
5,False,False,True,False,5,13,35.0,53.0,16,1.5,1.5,20,50,2
2,False,False,False,False,2,7,31.0,81.0,10,1.8,1.5,5,12,12
5,False,False,True,True,0,6,32.0,77.0,10,2.35,2.0,12,26,9
5,True,False,False,False,6,3,13.0,85.0,68,0.5,0.5,44,80,12
1,True,False,False,False,5,6,21.0,85.0,30,1.0,1.8,2,120,12
5,False,False,False,False,1,24,44.0,66.0,12,2.43,1.92,59,26,39
5,False,False,False,False,0,18,36.0,60.0,15,2.1,2.2,31,61,2
5,False,False,False,False,7,5,32.0,74.0,12,2.1,1.4,11,24,2
5,False,False,True,False,7,17,35.0,62.0,31,1.0,1.0,11,18,4
1,False,False,False,False,8,2,21.0,81.0,10,2.0,2.0,10,100,2
5,False,False,False,False,8,28,37.0,66.0,2,2.0,2.0,16,97,2
5,False,False,False,False,2,34,35.0,67.0,1,0.31,0.3,31,48,51
5,False,False,False,False,8,6,27.0,76.0,21,2.0,2.0,5,30,10
5,True,False,False,False,5,5,7.0,67.0,11,1.86,1.94,12,50,12
5,False,False,False,False,0,40,49.0,59.0,21,1.8,1.9,50,100,18
10,False,False,False,False,0,4,37.0,78.0,12,2.0,2.0,20,80,2
15,True,False,False,False,7,3,31.0,85.0,5,1.0,1.0,5,6,2
15,False,False,False,False,8,21,47.0,65.0,7,1.9,0.4,20,120,2
2,True,False,False,False,0,10,31.0,64.0,41,2.0,1.0,4,8,2
5,False,False,False,True,0,6,29.0,88.0,21,2.1,2.1,20,160,2
1,False,False,False,False,8,3,1.0,81.0,6,1.0,1.0,5,120,2
3,False,False,True,False,0,4,45.0,78.0,30,2.0,1.3,20,80,2
2,True,False,False,False,0,10,31.0,64.0,12,2.0,0.5,4,8,2
5,True,False,False,False,7,61,35.0,63.0,56,1.8,1.8,12,117,12
12,False,False,True,True,5,2,21.0,85.0,4,1.66,1.74,41,130,44
1,True,False,False,False,0,2,21.0,63.0,8,1.0,1.0,44,140,32
5,False,False,False,False,7,28,27.0,67.0,10,1.0,1.4,6,91,9
5,False,False,False,False,6,18,44.0,61.0,22,2.2,2.1,50,100,11
5,False,False,False,False,6,9,31.0,69.0,30,1.0,1.0,7,21,2
5,True,False,False,False,2,3,21.0,71.0,15,1.0,1.0,20,80,2
5,False,False,True,False,0,40,37.0,76.0,12,3.0,1.6,20,120,2
6,False,False,False,False,0,2,41.0,91.0,31,1.0,3.0,20,80,2
1,False,False,False,False,5,6,21.0,85.0,36,1.0,1.8,20,120,12
5,False,False,False,False,3,15,26.0,58.0,26,3.1,2.06,27,56,5
30,True,False,False,False,4,40,34.0,61.0,66,1.86,1.94,41,130,41
5,False,False,False,False,6,20,42.0,61.0,21,1.2,0.3,3,81,2
20,False,False,False,False,7,3,26.0,81.0,5,1.0,1.0,20,120,12
5,False,False,True,True,7,2,12.0,91.0,21,1.0,1.0,7,23,18
12,True,False,False,False,3,2,9.0,69.0,23,1.86,1.94,41,130,41
2,False,False,False,False,2,14,38.0,73.0,100,1.9,2.2,8,16,6
5,False,False,False,False,8,5,32.0,67.0,5,1.1,0.1,33,66,9
5,True,False,False,False,7,5,16.0,78.0,5,1.9,0.5,12,26,9
5,False,False,False,False,4,9,33.0,63.0,55,1.4,1.4,20,50,8
5,False,False,False,True,7,5,32.0,74.0,12,2.1,1.4,11,24,2
1,False,False,False,False,3,6,58.0,79.0,7,1.1,0.5,20,40,2
5,False,False,False,False,6,20,30.0,61.0,32,0.4,0.6,12,24,20
10,True,False,False,False,7,3,1.0,81.0,3,0.3,1.5,20,40,2
10,False,False,False,False,4,11,20.0,81.0,12,1.0,1.0,41,120,2
1,True,False,False,False,8,15,12.0,81.0,6,2.2,1.2,12,130,2
5,False,False,False,False,8,12,41.0,71.0,70,2.2,2.5,20,40,2
1,True,False,False,False,7,16,43.0,81.0,4,1.0,1.0,11,300,2
5,True,True,False,False,0,12,31.0,95.0,4,1.0,2.0,4,12,12
5,False,False,False,False,5,8,34.0,64.0,17,2.0,2.0,50,120,12
10,False,False,False,False,8,11,31.0,69.0,12,2.1,0.9,25,60,19
15,False,False,False,False,7,2,35.0,71.0,2,1.0,1.0,10,50,12
12,False,False,False,False,4,5,10.0,90.0,12,2.0,2.0,20,60,2
5,False,False,False,False,8,3,31.0,61.0,51,2.0,2.0,40,100,2
5,False,False,False,False,4,5,35.0,65.0,32,0.5,0.6,12,24,5
5,True,False,False,False,6,4,55.0,71.0,15,1.0,1.0,5,41,31
5,False,False,False,False,8,13,30.1,60.0,11,2.0,1.0,12,24,9
20,False,False,False,False,7,10,23.0,71.0,11,1.0,1.0,9,38,2
5,False,False,False,False,2,40,47.0,62.0,41,1.0,1.0,12,20,2
10,False,False,False,False,0,12,21.0,71.0,12,1.0,1.0,20,40,12
5,False,False,False,False,0,2,41.0,51.0,51,21.0,1.0,20,40,2
5,False,False,False,False,7,3,34.0,83.0,31,1.0,1.0,12,120,22
10,False,False,False,False,2,11,49.0,67.0,5,3.04,0.11,2,10,25
6,False,False,False,False,5,9,34.0,61.0,42,2.0,1.6,20,30,8
4,False,False,True,False,0,3,21.0,91.0,12,2.2,0.9,71,157,2
2,False,False,False,False,0,4,41.0,71.0,4,2.0,1.0,20,80,2
12,False,False,False,False,5,21,35.0,62.0,15,2.8,1.9,25,50,2
5,True,False,False,False,0,4,2.0,80.0,12,0.5,1.0,44,80,13
3,False,False,False,False,8,3,31.0,81.0,7,2.0,1.0,20,120,2
10,False,False,False,False,0,5,45.0,78.0,21,1.0,1.0,20,80,12
10,False,False,True,True,0,4,35.0,81.0,12,2.0,1.0,20,120,2
1,False,False,False,False,8,21,47.0,65.0,7,1.9,0.6,20,120,2
5,False,False,False,True,0,21,42.0,51.0,31,1.0,1.0,20,120,12
2,False,False,False,False,0,32,41.0,65.0,28,1.0,1.0,8,51,2
5,False,False,False,False,8,5,41.0,80.0,28,1.1,1.3,24,52,12
5,False,False,False,False,4,21,42.0,61.0,39,1.0,1.0,50,200,8
5,False,False,True,False,2,4,21.0,81.0,24,2.4,0.9,5,10,2
3,False,False,False,False,0,14,61.0,80.0,20,1.5,1.1,60,120,2
1,False,False,False,False,5,3,51.0,71.0,8,2.1,1.8,10,120,2
5,False,True,False,False,7,21,43.0,56.0,16,1.0,1.0,30,60,3
5,False,True,True,False,0,6,30.0,77.0,13,2.4,1.0,12,26,9
5,True,False,False,False,1,5,2.0,93.0,5,1.9,0.6,30,60,30
15,False,False,False,False,5,30,43.0,73.0,66,2.7,2.8,21,55,12
5,False,True,False,False,8,6,12.0,70.0,12,3.0,2.0,12,24,2
10,False,False,False,False,2,3,51.0,74.0,50,0.5,0.9,50,100,12
2,False,False,False,False,2,11,45.0,75.0,33,1.8,1.5,2,40,41
10,False,False,False,False,7,25,48.0,61.0,11,1.9,1.9,33,77,2
3,False,False,False,False,3,16,46.0,69.0,35,0.93,1.57,53,41,38
4,False,False,False,False,2,3,30.0,50.0,8,2.1,1.9,15,50,4